date,h_close,h_ret,h_vol,h_atr,h_mom4,h_mom12,h_dd,samsung_ret,samsung_mom4,nvda_ret,nvda_mom4,soxx_ret,soxx_mom4,qqq_ret,qqq_mom4,usdkurw_ret,usdkurw_mom4
2021-10-15,98400.0,0.04680851063829783,0.05416575087426841,6.7871660859465734,-0.0803738317757009,-0.16962025316455698,-0.19012345679012344,-0.01958041958041956,-0.09196891191709844,0.04949355135580524,-0.0017351647248143864,0.023965201869693642,-0.0315777884470011,0.021541695371604996,-0.013080770153557686,-0.0075725301988613936,0.00656490918836794
2021-10-22,98500.0,0.00101626016260159,0.05302657026533521,6.903553299492386,-0.05288461538461542,-0.12444444444444447,-0.18930041152263377,0.004279600570613384,-0.08926261319534279,0.03952064494244634,0.029210655135100794,0.017019266005854572,-0.02301191831436089,0.013986023819493099,0.002062570805843711,-0.00472025583619351,0.0015749533780131664
2021-10-29,103000.0,0.045685279187817285,0.05271217416558387,6.9625520110957,0.030000000000000027,-0.1271186440677966,-0.15226337448559668,-0.008522727272727293,-0.04644808743169404,0.12501098408229172,0.23261974354980164,0.027515668734161336,0.06381122522370553,0.03210365958861727,0.07199176301589394,-0.00780251866045234,-0.013812367781736112
2021-11-05,107000.0,0.03883495145631066,0.03490826659708495,6.635514018691589,0.13829787234042556,0.054187192118226646,-0.11934156378600824,0.005730659025787954,-0.018181818181818188,0.16368762333105136,0.4282560463850793,0.0877735738925709,0.16396878917813473,0.03234834950093468,0.1036659709319141,0.01581329057172387,-0.004466329387846857
2021-11-12,106500.0,-0.004672897196261627,0.03497530798818609,6.364855801475519,0.08231707317073167,0.039024390243902474,-0.12345679012345678,0.005698005698005604,0.007132667617689048,0.021443888262658195,0.3900832526026907,0.014255584971335278,0.15293160646535364,-0.009784229394797284,0.06982167722437782,-0.00229372743472811,0.0008289955120859283
2021-11-19,111500.0,0.04694835680751175,0.03713625530517869,5.2722613709160795,0.13197969543147203,0.07729468599033806,-0.08230452674897115,0.008498583569405138,0.011363636363636465,0.08538997278121196,0.4514213171683452,0.026849960954809404,0.16407605505056289,0.02353680704339811,0.0798983791585095,-0.00017746527381190536,0.00539711471880211
2021-11-26,115500.0,0.03587443946188351,0.03727655959657558,5.460729746444032,0.12135922330097082,0.07943925233644866,-0.04938271604938271,0.015449438202247201,0.035816618911174825,-0.04492952322356658,0.23217432452201958,-0.03527924256971504,0.09293548284116881,-0.031659145861321014,0.01318284180305307,0.006188136053753457,0.019573893179979818
2021-12-03,118000.0,0.02164502164502169,0.03655808137569701,5.526634382566586,0.10280373831775691,0.12380952380952381,-0.028806584362139898,0.045643153526971014,0.07692307692307687,-0.025711819803598157,0.031628124467701246,0.01098821678129136,0.015785749327017706,-0.020628852434564693,-0.03881084040095473,-0.01130039110663672,-0.0076401649976699515
2021-12-10,120500.0,0.021186440677966045,0.03660930201036485,5.589804386484884,0.13145539906103276,0.12616822429906538,-0.008230452674897082,0.01719576719576721,0.0892351274787535,-0.016127482697583573,-0.0063178492688684695,0.027934546186479725,0.029485347410407314,0.03883800457592401,0.008386109592663393,0.00047582493957532,-0.004885453904065806
2021-12-17,122000.0,0.012448132780082943,0.034534756233052306,5.5796252927400465,0.094170403587444,0.17307692307692313,0.0,0.014304291287386306,0.09550561797752799,-0.07937609652176991,-0.15716234407562546,-0.043387986058116446,-0.040932863654001506,-0.03291376041328653,-0.04722885970812385,0.0074915857818922404,0.002747484937799305
2021-12-24,128000.0,0.049180327868852514,0.03158614475456692,5.597098214285714,0.10822510822510822,0.28,0.0,0.03205128205128216,0.1134163208852006,0.06614865491137278,-0.05913725214775756,0.04869116156581632,0.042545442800806965,0.031202124266346498,0.01462167955576632,-0.0005480119720805421,-0.003965628891554163
2021-12-31,131000.0,0.0234375,0.01858207706837306,5.796074154852781,0.11016949152542366,0.3936170212765957,0.0,-0.027329192546583836,0.03571428571428581,-0.007726049131860369,-0.04176852905287187,0.0027920696959373714,0.03409345923608709,0.002343022887029589,0.03842038220213406,0.0037030912260123117,0.011149158203753062
2022-01-07,127000.0,-0.03053435114503822,0.024126719746963315,6.181102362204725,0.053941908713692976,0.29065040650406515,-0.03053435114503822,0.0,0.01820546163849146,-0.07357789973614504,-0.09772171064628099,-0.03886998750164705,-0.03311133662420929,-0.045218098469181234,-0.045601929521195794,0.013354187742412815,0.024164910691243824
2022-01-14,128500.0,0.011811023622047223,0.02347567480415335,6.136742634797109,0.05327868852459017,0.30456852791878175,-0.01908396946564883,-0.012771392081736943,-0.008974358974358942,-0.011193904212554506,-0.030898210182391583,0.026705543731780246,0.03773519085204047,0.00039494661150918375,-0.01273023265143769,-0.015898458657082837,0.0003877763588355787
2022-01-21,119000.0,-0.07392996108949412,0.03524951283286612,6.776710684273709,-0.0703125,0.15533980582524265,-0.09160305343511455,-0.021992238033635148,-0.060869565217391286,-0.1324325944947129,-0.2114034740000834,-0.11682493568205088,-0.12605171330202913,-0.07452437198084705,-0.11395245756375283,0.004904786266104688,0.005845680059837655
2022-01-28,120500.0,0.012605042016806678,0.034280529065318886,7.095435684647303,-0.08015267175572516,0.12616822429906538,-0.08015267175572516,-0.030423280423280463,-0.0638569604086845,-0.022845913586843514,-0.2234197851935371,-0.03725877188309745,-0.16095662074652317,0.0003127338019248693,-0.1157471851302806,0.009249940650385868,0.011404370254398444
2022-02-04,124500.0,0.03319502074688807,0.03449908579558438,6.655192197360872,-0.019685039370078705,0.16901408450704225,-0.04961832061068705,0.009549795361528002,-0.054916985951468655,0.06475481968791308,-0.10746135443664895,0.04788697141590159,-0.08521988270135705,0.017652138112951743,-0.05752112996507186,-0.002600838402944672,-0.004519956467819108
2022-02-11,132000.0,0.06024096385542177,0.03585212128285722,6.628787878787879,0.027237354085603016,0.18385650224215255,0.0,0.012162162162162149,-0.031047865459249646,-0.015214475739912303,-0.11109049414432914,-0.026844485542455998,-0.1329322013499734,-0.03058577109114846,-0.08670827441454376,-0.0008164259033999199,0.01073645965536052
2022-02-18,131500.0,-0.0037878787878787845,0.03555596741778588,6.708310700706137,0.10504201680672276,0.1385281385281385,-0.0037878787878787845,-0.008010680907877155,-0.01719576719576721,-0.012818874031124028,0.011465715870178306,0.005495393359872036,-0.01284273922908119,-0.01599143615516152,-0.028945925687715035,-0.0005752627842535718,0.0052246087301823785
2022-02-25,123000.0,-0.06463878326996197,0.04153098574452541,7.346109175377469,0.020746887966804906,0.04237288135593231,-0.06818181818181823,-0.032301480484522194,-0.019099590723055893,0.021783241067905523,0.0576619713934452,0.02248327352883428,0.04841442124076556,0.012473951352027557,-0.017140417818449327,0.00612347589058948,0.002110613684664031
2022-03-04,129000.0,0.04878048780487809,0.04327999481592277,6.7552602436323355,0.03614457831325302,0.0705394190871369,-0.022727272727272707,0.013908205841446364,-0.014864864864864824,-0.050544305371598264,-0.056869090270239786,-0.058063999209329475,-0.05758987939278204,-0.02449605659781018,-0.05784760595440974,-8.299971496650294e-06,0.004715398587811004
2022-03-11,118000.0,-0.0852713178294574,0.05064019799053397,7.627118644067797,-0.10606060606060608,-0.032786885245901676,-0.10606060606060608,-0.03978052126200271,-0.06542056074766356,-0.03644926807078874,-0.07720568998213073,-0.03329177371096326,-0.06383347512872073,-0.038244869147170735,-0.06529131510837316,0.018748070493660007,0.024388210777017028
2022-03-18,124000.0,0.05084745762711873,0.05079415556747151,7.315668202764976,-0.057034220532319435,-0.03125,-0.06060606060606055,0.010000000000000009,-0.048452220726783346,0.19696826508520715,0.11889852351919283,0.09168961895495631,0.01641766194480443,0.08350800507886258,0.029223097957214117,-0.014870600597673644,0.00973580626886128
2022-03-25,118000.0,-0.048387096774193505,0.05181801390491086,7.74818401937046,-0.04065040650406504,-0.0992366412213741,-0.10606060606060608,-0.012729844413012725,-0.029207232267037586,0.04683780145490046,0.1463343920064586,0.02338530260300664,0.01731433997007148,0.02236199063279032,0.03927471302116614,0.005965392112554868,0.009577154915526576
2022-04-01,116000.0,-0.016949152542372836,0.0514139974619901,7.7278325123152705,-0.10077519379844957,-0.08661417322834641,-0.12121212121212122,-0.01002865329512892,-0.052126200274348444,-0.03538926629410044,0.1646319730363317,-0.043703075379242895,0.032824495368423134,0.0069570055865808555,0.07278392884382612,-0.002505070597352943,0.007056451408830711
2022-04-08,112000.0,-0.03448275862068961,0.05166847979481696,7.908163265306123,-0.05084745762711862,-0.12840466926070038,-0.1515151515151515,-0.01881331403762665,-0.03142857142857147,-0.13450885094168907,0.04610855575305095,-0.07608112647872423,-0.012891358161813304,-0.03509744919942914,0.07629469933929056,0.006718842469894959,-0.004834723688983633
2022-04-15,108000.0,-0.0357142857142857,0.048457812663723426,7.969576719576719,-0.12903225806451613,-0.09243697478991597,-0.18181818181818177,-0.017699115044247815,-0.057991513437057995,-0.08049656571636665,-0.1963860382046566,-0.030107248860634983,-0.12302040828934235,-0.030703140220822656,-0.037156100945820114,0.006085045064257555,0.016334404872283104
2022-04-22,110500.0,0.02314814814814814,0.04893806535389845,7.88623141564318,-0.06355932203389836,-0.08298755186721996,-0.16287878787878785,0.006006006006006093,-0.04011461318051579,-0.08199266525824211,-0.29528384416027376,-0.012839924378575618,-0.1540632468831049,-0.03850131212152852,-0.09447616983552098,0.010072363949552798,0.020483709421435625
2022-04-29,112500.0,0.018099547511312153,0.04802202291807622,7.396825396825396,-0.030172413793103425,-0.09638554216867468,-0.1477272727272727,0.005970149253731405,-0.02460202604920403,-0.04960279451262184,-0.30566782872220566,-0.023797354370279744,-0.1364547190658153,-0.037338642054030036,-0.13430981147921406,0.023984135938595053,0.04758339980444637
2022-05-06,107500.0,-0.0444444444444444,0.0439658512973384,7.441860465116279,-0.0401785714285714,-0.18560606060606055,-0.18560606060606055,-0.013353115727002929,-0.019174041297935096,0.00690129648692861,-0.19222286188267745,0.020759498413109645,-0.04594215673516289,-0.012769353551476459,-0.1142775156636946,-0.002821752729645244,0.03765553441278291
2022-05-13,112500.0,0.04651162790697683,0.04749870347518701,7.0476190476190474,0.04166666666666674,-0.14448669201520914,-0.1477272727272727,0.0,-0.0015015015015015232,-0.05188754496695869,-0.16709004340299427,-0.003911076358918075,-0.020173674797936303,-0.023637825573464055,-0.10782138410921727,0.017380034426388802,0.04930495538394997
2022-05-20,112500.0,0.0,0.04454437936963912,6.5396825396825395,0.018099547511312153,-0.08536585365853655,-0.1477272727272727,0.022556390977443552,0.014925373134328401,-0.05715571930454266,-0.1445554308858542,-0.025889541565673135,-0.03312634455180419,-0.04391604179111119,-0.11284573420239341,-0.021072981733004092,0.016949881897863284
2022-05-27,106000.0,-0.05777777777777782,0.04312342735661736,7.277628032345014,-0.05777777777777782,-0.17829457364341084,-0.19696969696969702,-0.022058823529411797,-0.013353115727002929,0.12681206115215105,0.014234103971937362,0.07907796858792104,0.06876585990933592,0.07073581109123928,-0.01324818482516954,-0.003688048751222306,-0.010532208853836877
2022-06-03,107000.0,0.009433962264151052,0.03746177826425867,6.775700934579438,-0.0046511627906976605,-0.09322033898305082,-0.18939393939393945,0.004511278195488799,0.004511278195488799,-0.004837675117431051,0.002409642738011142,-0.017112542921356,0.029112694902027725,-0.00938205706638906,-0.009862531262631369,-0.014338066565065088,-0.02195947538724874
2022-06-10,103500.0,-0.032710280373831724,0.033153243490310694,6.901311249137336,-0.07999999999999996,-0.16532258064516125,-0.21590909090909094,-0.04491017964071853,-0.04060150375939853,-0.09326914778905981,-0.04134183155243387,-0.0753189264794657,-0.04466257087052494,-0.05669502017329442,-0.04338612306283529,0.018680937388741548,-0.02070887504842145
2022-06-17,96400.0,-0.06859903381642507,0.03546738624083,7.1132187314759925,-0.14311111111111108,-0.18305084745762712,-0.26969696969696966,-0.06269592476489028,-0.12058823529411766,-0.06445155863995511,-0.048760040601138144,-0.09057277254988838,-0.10809922844996345,-0.04898903917701014,-0.04846193220632111,0.019113648365036928,0.019492702252400296
2022-06-24,91600.0,-0.049792531120331995,0.03677982189545244,7.2208359326263265,-0.13584905660377355,-0.21034482758620687,-0.30606060606060603,-0.02341137123745818,-0.12180451127819547,0.07846343370675357,-0.08957531760582793,0.053270817295098194,-0.129429863324937,0.07251804846594423,-0.04687809921006769,0.009028244808875208,0.03250486020952348
2022-07-01,87500.0,-0.04475982532751088,0.037292728681001495,7.76326530612245,-0.18224299065420557,-0.21875,-0.33712121212121215,-0.03767123287671237,-0.1586826347305389,-0.1519911112160478,-0.22419870212664283,-0.09562890331292484,-0.1989739378830554,-0.0423610233504389,-0.07860877323526783,-0.00930912757310165,0.037772796176984924
2022-07-08,94800.0,0.08342857142857141,0.047192467477075714,7.40657022302592,-0.08405797101449275,-0.12222222222222223,-0.28181818181818186,0.04448398576512447,-0.07993730407523514,0.09054606868228188,-0.06692592028667532,0.06318948245718814,-0.07898787073214442,0.046857835011892,0.022538463675956688,0.007719178835368989,0.02660559513549776
2022-07-15,98700.0,0.04113924050632911,0.04859878191256195,7.099435518888406,0.02385892116182564,-0.10678733031674204,-0.2522727272727273,0.022146507666098714,0.0033444816053511683,-0.00479859907786595,-0.007430732346800917,0.030121308326964247,0.04324369333713629,-0.011782667731208507,0.06254320333134755,0.014279681692482615,0.021736091875773633
2022-07-22,100000.0,0.01317122593718345,0.04837581763250548,6.992857142857144,0.09170305676855905,-0.11111111111111116,-0.24242424242424243,0.021666666666666723,0.04965753424657526,0.09878189011084748,0.01126946161669573,0.057993766928332136,0.04792168055363755,0.034672954693832914,0.025050084008543694,-0.007088755143108361,0.005416112104720927
2022-07-29,97900.0,-0.02100000000000002,0.04726158863996339,6.82182985553772,0.11885714285714277,-0.08930232558139539,-0.2583333333333333,0.0016313213703098572,0.092526690391459,0.04873259719229117,0.2506369484680304,0.04237790167189104,0.2078342690223589,0.044604131449022644,0.11813697939044032,-0.008952788300454428,0.005777747864236238
2022-08-05,98500.0,0.006128702757916216,0.04448053817517144,6.606236403190717,0.039029535864978815,-0.12444444444444447,-0.2537878787878788,0.0016286644951140072,0.047700170357751315,0.045477080260175606,0.19895188557209043,0.029140978123813,0.16915353428845137,0.019939164126356657,0.08938545234778683,0.005350678693582411,0.0034138107789312144
2022-08-12,93300.0,-0.05279187817258879,0.04597511875928649,7.028020211299954,-0.054711246200607855,-0.17066666666666663,-0.2931818181818182,-0.021138211382113803,0.0033333333333334103,-0.014745414814922753,0.1869686292459518,0.0060829495704315395,0.1418707940213475,0.026853192380536184,0.1319766340345605,0.003648009462024593,-0.007103965471811913
2022-08-19,96400.0,0.033226152197213255,0.045694111072166095,6.713100177830468,-0.03600000000000003,-0.09056603773584904,-0.26969696969696966,0.011627906976744207,-0.006525285481239762,-0.045967113145362615,0.03060226798165311,-0.03521041228688748,0.0412774507962923,-0.02279133437155345,0.06910823468350813,0.015365486559262509,0.015349932255809273
2022-08-26,95100.0,-0.013485477178423189,0.045426284603414455,6.782334384858044,-0.02860061287027582,-0.11121495327102804,-0.27954545454545454,-0.014778325123152691,-0.0228013029315961,-0.089024629897552,-0.10477343317396226,-0.05188007109118309,-0.05288101269236911,-0.047760588520641245,-0.02542315739209655,0.005674768471562341,0.030336189824775373
2022-09-02,91700.0,-0.035751840168243953,0.045579824353232885,6.402866490107494,-0.06903553299492382,-0.11400966183574879,-0.3053030303030303,-0.04166666666666663,-0.06504065040650409,-0.16070109958764434,-0.2813207603077833,-0.06983070492094468,-0.14396470502417458,-0.03991019033383714,-0.0826106808772824,0.015482176108964296,0.040719480616152826
2022-09-09,90400.0,-0.014176663031624903,0.041659352118311226,6.494943109987358,-0.03108252947481238,-0.06224066390041494,-0.3151515151515152,-0.03304347826086962,-0.07641196013289031,0.054224353642302825,-0.23101179295872398,0.046649032209672425,-0.1094486658318562,0.0403834480736458,-0.07052276787281253,0.020588904816412956,0.0582861171741651
2022-09-16,91200.0,0.008849557522123908,0.03923962913992162,6.453634085213032,-0.053941908713692976,-0.004366812227074246,-0.3090909090909091,0.010791366906474753,-0.07717569786535305,-0.08264406219253084,-0.26057486324292845,-0.05703032667474239,-0.12958958994319414,-0.05786573716364107,-0.10388397308146458,0.011301521968772654,0.054050364271654106
2022-09-23,83500.0,-0.08442982456140347,0.044677983208889854,7.0230966638152275,-0.12197686645636174,-0.04571428571428571,-0.36742424242424243,-0.030249110320284656,-0.09166666666666667,-0.05167450845452015,-0.23025832608693353,-0.0576276617119007,-0.13486609827982943,-0.04773260475940033,-0.1038576386359048,0.0035963973883832434,0.05187201808459996
2022-09-30,83100.0,-0.004790419161676662,0.03547935074494508,6.747464328691766,-0.09378407851690296,-0.12341772151898733,-0.3704545454545455,-0.025688073394495414,-0.07652173913043481,-0.030121433464871172,-0.11050050115594656,-0.045032377494282905,-0.11180161542035294,-0.02994446556413044,-0.09455568788305291,0.018886346494233264,0.055398177043664454
2022-10-07,91200.0,0.09747292418772568,0.04528104200212374,6.140350877192982,0.008849557522123908,-0.07598784194528874,-0.3090909090909091,0.058380414312617646,0.010791366906474753,-0.00518986124545362,-0.16063111536940244,0.022338689396723677,-0.13243165142148783,0.006884667629490249,-0.12370963133743595,-0.015187070142736125,0.018401989278289843
2022-10-14,95500.0,0.04714912280701755,0.04756826799855074,5.744203440538518,0.04714912280701755,-0.04500000000000004,-0.2765151515151515,0.001779359430605032,0.001779359430605032,-0.07030473352874334,-0.14934078834283082,-0.08338196384474839,-0.15667617061297257,-0.03106657628957743,-0.09878341063988816,0.015513577630550612,0.022643618279851063
2022-10-21,90500.0,-0.05235602094240843,0.04948164863234096,6.053670086819258,0.08383233532934131,-0.07558733401430029,-0.31439393939393945,-0.007104795737122527,0.025688073394495303,0.11035889735985882,-0.00399490185025464,0.07623547763566618,-0.03688278247783927,0.05630138737124191,-0.0003266536049532087,6.99836767337203e-06,0.01898609618078706
2022-10-28,83400.0,-0.0784530386740332,0.05354542470080083,7.142857142857142,0.0036101083032491488,-0.15329949238578677,-0.36818181818181817,0.025044722719141266,0.07909604519774005,0.10973849462971019,0.13963256473735175,0.03826410094012789,0.04712453949674855,0.02105870129329057,0.05223374595892749,-0.006753804268974428,-0.006656564771128748
2022-11-04,84500.0,0.01318944844124692,0.052403043075806,7.049873203719358,-0.07346491228070173,-0.09431939978563775,-0.35984848484848486,0.03664921465968596,0.05693950177935947,0.023276023714325023,0.17224245502741775,-0.014232232597436778,0.009666982378662814,-0.058815192636106906,-0.016425170299082414,0.0021117093924925,0.010792057772120778
2022-11-11,93500.0,0.10650887573964507,0.06106631116421923,6.997708174178763,-0.020942408376963373,-0.030082987551867224,-0.29166666666666663,0.05892255892255882,0.1172291296625223,0.153362496885872,0.4542619863148971,0.1494528854382382,0.26613767179931713,0.08795526455909197,0.10439519153251298,-0.052175765126999285,-0.056582570753070494
2022-11-18,88400.0,-0.054545454545454564,0.06295928629284499,7.821590174531351,-0.023204419889502725,-0.07045215562565721,-0.3303030303030303,-0.01748807631160576,0.10554561717352406,-0.05622583980233764,0.23608221459309942,-0.014464397909783488,0.15943376578435542,-0.01090423747754976,0.03412966900806125,-0.0049059895663476905,-0.06121753676250952
2022-11-25,85100.0,-0.037330316742081426,0.06303262873094706,8.05774718818197,0.020383693045563644,-0.0719738276990185,-0.35530303030303034,-0.012944983818770184,0.06457242582897038,0.055876438371560866,0.17608796360126844,0.011295966821897263,0.12931834017292831,0.007373098973082692,0.020268871994484572,-0.018514232248417417,-0.0723330925982335
2022-12-02,81900.0,-0.03760282021151584,0.06372163229778241,8.442351299494156,-0.03076923076923077,-0.09402654867256632,-0.3795454545454545,-0.00983606557377048,0.01683501683501687,0.03724640294221704,0.19214462326698523,0.01055955904281225,0.15772038973359903,0.01962210407693421,0.1052969468354441,-0.01110867711699215,-0.08457136399348997
2022-12-09,81500.0,-0.004884004884004867,0.06354668998364023,8.501314636283961,-0.12834224598930477,-0.10635964912280704,-0.38257575757575757,0.0,-0.03974562798092207,0.007406968717040163,0.04128130092698057,-0.01680273545312283,-0.009731034028206076,-0.03592541338776112,-0.020558352152471704,0.010266644836226746,-0.02426316751732105
2022-12-16,78400.0,-0.03803680981595092,0.05973843934265552,9.037900874635568,-0.1131221719457014,-0.061077844311377194,-0.406060606060606,-0.01490066225165565,-0.03721682847896435,-0.0252926486129903,0.07541039125587923,-0.03356566834851937,-0.028924044697731355,-0.027620225176957947,-0.037111182685233945,0.00035694971357336236,-0.01910260615458015
2022-12-23,77800.0,-0.007653061224489832,0.059749166215543284,8.887256702166727,-0.08578143360752055,-0.06377858002406744,-0.41060606060606064,-0.02352941176470591,-0.04754098360655734,-0.08237275287132473,-0.06539644128848132,-0.036030043523722854,-0.07436786353490454,-0.025123116311531413,-0.06817240750303533,-0.020423676951398795,-0.021010906197623136
2022-12-30,75000.0,-0.03598971722365041,0.05094049378150388,8.733333333333333,-0.08424908424908428,-0.17763157894736847,-0.43181818181818177,-0.048192771084337394,-0.08443708609271527,-0.038932000187900107,-0.13403645436581224,-0.002579709764610194,-0.08640290822769181,-0.004039447304896804,-0.08979658215628628,-0.023205660005688133,-0.03298675636629578
2023-01-06,83100.0,0.1080000000000001,0.05992588522099544,8.483754512635379,0.019631901840490906,-0.12984293193717278,-0.3704545454545455,0.06690777576853524,-0.023178807947019875,0.0167647379353415,-0.12599254831478823,0.0450888277011352,-0.02889262606775156,0.009463681182305228,-0.04694376808545697,0.011045374634954364,-0.032241366985748754
2023-01-13,85700.0,0.03128760529482544,0.05940464674110062,7.926321053508918,0.0931122448979591,-0.053038674033149213,-0.3507575757575757,0.03050847457627115,0.02184873949579824,0.13729052652076512,0.019793678067250742,0.061979226489294215,0.06711426118761787,0.045275349629508854,0.02450319497065867,-0.027507924587302113,-0.05919821740824083
2023-01-20,87600.0,0.022170361726954413,0.05469455142974047,7.363013698630137,0.12596401028277637,0.050359712230215736,-0.3363636363636363,0.016447368421052655,0.0636833046471601,0.055624624221623176,0.1731553542703077,-0.0017607207208916176,0.10505038444380288,0.0060860285711958895,0.05730104788894952,-0.005608734470546772,-0.04496969435492437
2023-01-27,91500.0,0.044520547945205546,0.05583476590037937,6.893052302888368,0.21999999999999997,0.08284023668639051,-0.30681818181818177,0.0453074433656957,0.16817359855334546,0.14159980771480196,0.3935267089492289,0.055948974778174065,0.16989480959554126,0.04804024848486277,0.11258829474149401,-0.0002678814058106882,-0.02254299427065931
2023-02-03,92200.0,0.007650273224043769,0.04649708927792703,6.4998450573287885,0.10950661853188937,-0.013903743315508033,-0.3015151515151515,-0.017027863777089758,0.07627118644067798,0.03609136354589837,0.4200148118282314,0.046647030017760605,0.1716390946306514,0.03348404301344643,0.13906252448048018,-0.005641881162167683,-0.03867587563731767
2023-02-10,93500.0,0.014099783080260275,0.04331732840050916,6.569900687547747,0.09101516919486574,0.05769230769230771,-0.29166666666666663,-0.009448818897637823,0.03453947368421062,0.00781985806614549,0.25835843413439563,-0.020089646863724164,0.08109579766752795,-0.021163957880199424,0.06666196001335956,0.03237000867318063,0.020514428546758223
2023-02-17,92000.0,-0.016042780748663055,0.04181275347766959,6.172360248447204,0.05022831050228316,0.08108108108108114,-0.303030303030303,-0.004769475357710662,0.012944983818770295,0.0057842041929561105,0.19894610946442204,-0.00385601181965034,0.0788265918280282,0.004871509494866366,0.06537431535709604,0.019303239228843472,0.04608085243350546
2023-02-24,91000.0,-0.010869565217391353,0.03987029352796189,5.737833594976452,-0.005464480874316946,0.11111111111111116,-0.31060606060606055,-0.02076677316293929,-0.051083591331269385,0.08874129261659536,0.14343233782502307,-0.023177532775744747,-0.0020142276685592986,-0.03091379149084894,-0.014885585353211161,0.007075468124358331,0.05376464811573123
2023-03-03,87300.0,-0.040659340659340626,0.042308341470142515,6.0055637375225,-0.053145336225596584,0.07116564417177917,-0.3386363636363636,-0.013050570962479635,-0.047244094488189003,0.025938336758522862,0.1322274387553528,0.03276061420644805,-0.015255029018880206,0.026828803866765893,-0.02122934272482968,0.009999463036555634,0.07034046245602998
2023-03-10,83300.0,-0.04581901489117979,0.043105871151294495,6.41399416909621,-0.10909090909090913,0.0625,-0.3689393939393939,-0.016528925619834656,-0.05405405405405406,-0.03871909839651777,0.07994360741750106,-0.03501037466058299,-0.030249371730239893,-0.037139632791081456,-0.03720395048352587,0.011052117818246332,0.04823850195295121
2023-03-17,84000.0,0.008403361344537785,0.0428959157184215,6.700680272108843,-0.08695652173913049,0.07969151670951158,-0.36363636363636365,0.030252100840336027,-0.02076677316293929,0.12018289616997091,0.20277724865233537,0.05072867410763493,0.02288906417859482,0.05825679525120875,0.013946014206339896,-0.018052923563386614,0.009821898711639854
2023-03-24,87300.0,0.03928571428571437,0.04148185534378024,6.660121093110784,-0.040659340659340626,0.16399999999999992,-0.3386363636363636,0.027732463295269127,0.027732463295269127,0.040971775763423146,0.15000430025793365,0.009425450880089947,0.05702959284181475,0.018109868883142033,0.065239020547317,-0.011777597234365889,-0.00908258149830854
2023-03-31,88600.0,0.014891179839633395,0.02904205942890748,6.804256691389875,0.014891179839633395,0.06618531889290002,-0.32878787878787874,0.015873015873015817,0.05785123966942152,0.037268050474404735,0.16270410786539813,0.03544068429302927,0.05977264225078471,0.032294308450843134,0.07090897130056328,0.00793752624014843,-0.011105561868284819
2023-04-07,89100.0,0.0056433408577878375,0.027913084536832958,7.078723745390411,0.06962785114045622,0.03967327887981331,-0.32499999999999996,0.015625,0.09243697478991586,-0.02664073729114058,0.17731332360044294,-0.04891267869635918,0.044504828903893845,-0.008973934965692099,0.10223531882859027,0.01653678473293474,-0.005741093992341351
2023-04-14,89300.0,0.002244668911335568,0.02729415679175117,6.566949288113902,0.0630952380952381,0.019406392694063967,-0.3234848484848485,0.0015384615384614886,0.06199021207177813,-0.010319237681368998,0.04015545280381727,0.0004257033467880422,-0.005500179203968503,0.001635024528246598,0.04326048796946158,-0.012527041010454765,-0.00014592692718495837
2023-04-21,89100.0,-0.002239641657334812,0.02377425829581893,6.445406445406446,0.020618556701030855,-0.02622950819672132,-0.32499999999999996,0.009216589861751112,0.04285714285714293,0.013491294897147288,0.012696521943021288,-0.014866553403252603,-0.02943299552586487,-0.006152562788691807,0.01839869546660511,0.017035046802387876,0.02900585046171278
2023-04-28,89500.0,0.004489337822671136,0.023675514391993488,6.727853152434158,0.010158013544018019,-0.029284164859002204,-0.321969696969697,-0.0030441400304414,0.0234375,0.023230984924497378,-0.0010080238146312759,-0.01120406863962331,-0.0731553050845154,0.01879287603776736,0.0050790045181574595,0.011929615709995733,0.033081384225559285
2023-05-05,88700.0,-0.00893854748603351,0.02316082192813033,6.643581897245935,-0.004489337822671136,-0.051336898395721975,-0.328030303030303,-0.006106870229007688,0.0015384615384614886,0.03355074912355027,0.060768561940152344,0.006696739963942155,-0.01896333604219058,0.0010231184658406889,0.015217818082795542,-0.014364740683411092,0.001676922398644587
2023-05-12,87200.0,-0.016910935738444155,0.02320271955210266,6.503931847968546,-0.023516237402015694,-0.05217391304347829,-0.33939393939393936,-0.015360983102918557,-0.015360983102918557,-0.011854956379708681,0.05912253407217016,-0.010267520879329917,-0.02944931714668375,0.006627594641442913,0.020278090550136296,0.007370359647623115,0.02186053033795554
2023-05-19,97300.0,0.11582568807339455,0.04150328326258632,6.283952429892821,0.09203142536475872,0.0692307692307692,-0.26287878787878793,0.06708268330733236,0.041095890410958846,0.1031757152658288,0.15284488871490187,0.07817063534884294,0.06221065784050328,0.03531985056592668,0.06285343272406774,0.003654454036242649,0.00841645123444934
2023-05-26,109200.0,0.1223021582733812,0.05042483668564375,6.246729461015176,0.22011173184357546,0.2508591065292096,-0.17272727272727273,0.02777777777777768,0.07328244274809159,0.24571389526420662,0.40350997782034503,0.1059989538662025,0.1881156051490247,0.03533322571634834,0.08010911623719474,-0.0028844386278270573,-0.006346172441961229
2023-06-02,110300.0,0.010073260073260037,0.04620413003262859,6.3074731252428435,0.2435174746335964,0.3241296518607444,-0.16439393939393943,0.027027027027026973,0.1090629800307219,0.00978278968721158,0.3712342833277247,-0.012069360729415446,0.16596762731572534,0.01793915071610752,0.09836160242560332,-0.01355486844438114,-0.005529711542720306
2023-06-09,115400.0,0.046237533998186864,0.04629002121146969,6.344392176281258,0.32339449541284404,0.3738095238095238,-0.12575757575757573,-0.0027700831024930483,0.12324492979719182,-0.014163277425114695,0.3680310603041177,0.006408180699700061,0.1856126613164295,-0.00042293500371004544,0.0906685577681523,-0.01258332622802305,-0.025227876729435716
2023-06-16,118900.0,0.030329289428076223,0.046158992298891095,6.169650366454403,0.22199383350462498,0.3619702176403208,-0.09924242424242424,-0.002777777777777768,0.04970760233918137,0.10116071288888495,0.3655322871711526,0.04239414743984349,0.14627096933219175,0.037884323485983806,0.09337012866880201,-0.02027254489014818,-0.04846632443738397
2023-06-23,113600.0,-0.04457527333894029,0.050559024238404984,6.350603621730383,0.04029304029304037,0.28216704288939054,-0.1393939393939394,-0.0027855153203342198,0.01849217638691325,-0.01131363472764746,0.08378268782090337,-0.044886725819051954,-0.010108811775708437,-0.01464948288575374,0.04058557662500628,0.022172285364154165,-0.024555037118953904
2023-06-30,115200.0,0.014084507042253502,0.050368518917794654,6.187996031746032,0.04442429737080689,0.29292929292929304,-0.12727272727272732,0.008379888268156499,0.0,0.0022032861580596474,0.07564773564003202,0.04650109029575389,0.04857787234509647,0.018977229328221767,0.041646749712227704,0.01914943352738563,0.007784568605079034
2023-07-07,111800.0,-0.02951388888888884,0.05233931864289812,6.497572195246615,-0.03119584055459268,0.25195968645016786,-0.15303030303030307,-0.03185595567867039,-0.029166666666666674,0.004751553649198881,0.09628573253059058,-0.02543076313315884,0.015404839154166794,-0.008608150824999772,0.0331170387429478,-0.010468060003013258,0.009943467392875549
2023-07-14,118000.0,0.05545617173524153,0.052749318698682136,6.368038740920097,-0.007569386038687953,0.324354657687991,-0.10606060606060608,0.05007153075822601,0.022284122562674202,0.0697833925362501,0.06504732361806131,0.048082408572503565,0.020945821799418063,0.03503172081681516,0.03027753885303408,-0.032378069077018234,-0.002535406204195456
2023-07-21,115100.0,-0.02457627118644068,0.054413057926956984,6.627777088246245,0.013204225352112742,0.28603351955307255,-0.12803030303030305,-0.04223433242506813,-0.018156424581005637,-0.025511966767527205,0.04975238675024185,-0.01439800231881283,0.05353602414610803,-0.009074847323555235,0.03610634972517435,0.00913308712355354,-0.015259424222205054
2023-07-28,128000.0,0.11207645525629895,0.059074624474070504,6.7466517857142865,0.11111111111111116,0.4430665163472378,-0.030303030303030276,0.004267425320056972,-0.02216066481994461,0.05509043301193639,0.10514874136717522,0.04390316532559524,0.05092063504668776,0.020898240293569348,0.038059653098204915,0.004286592900576425,-0.029620460744475108
2023-08-04,120100.0,-0.061718750000000044,0.06371982974323286,7.404543832520519,0.0742397137745976,0.3772935779816513,-0.0901515151515152,-0.03257790368271951,-0.022889842632331958,-0.04427806833848591,0.05121996182699795,-0.037667245515424885,0.03772550087925697,-0.02983206976546715,0.0158366602916169,0.00975170536470249,-0.009792049140663117
2023-08-11,115300.0,-0.03996669442131562,0.06015553710483936,8.109280138768431,-0.022881355932203418,0.18499486125385411,-0.12651515151515147,-0.01171303074670571,-0.0803814713896458,-0.08560878999135457,-0.10147577576302746,-0.05130502939535142,-0.060679813438318075,-0.015589770393864888,-0.0338460359351781,0.016916022236683315,0.040652654094466945
2023-08-18,117200.0,0.01647875108412844,0.05003711546978379,8.093612871769869,0.018245004344048743,0.07326007326007322,-0.11212121212121207,-0.01777777777777778,-0.056899004267425335,0.0598213259460203,-0.022794429227974256,-0.012328176371026678,-0.05870718219365856,-0.022143909916479965,-0.046588397552159266,0.015739610485752564,0.04746552759840328
2023-08-25,116500.0,-0.005972696245733822,0.05016270063875083,7.964438994481913,-0.08984375,0.05621033544877596,-0.11742424242424243,0.012066365007541435,-0.04957507082152979,0.0627959487155405,-0.01565772071879179,0.010443361969474152,-0.08887805783661695,0.016446497223226775,-0.050745857450572696,-0.009304867032892239,0.033289707816795744
2023-09-01,120000.0,0.030042918454935563,0.04918104601519868,7.321428571428572,-0.0008326394671107629,0.03986135181975747,-0.09090909090909094,0.058122205663189375,0.039531478770131745,0.05413093203102992,0.08569826632768107,0.05412696502341041,-0.001968702423173485,0.037278192774488295,0.01491771762578753,-0.0014925000950065659,0.021783392242019417
2023-09-08,113700.0,-0.05249999999999999,0.05098220456386665,7.7773589646940575,-0.013876843018213347,-0.04373423044575275,-0.13863636363636367,-0.009859154929577452,0.04148148148148145,-0.06054547286118339,0.11545708253107656,-0.035293041607944886,0.014875979422314334,-0.01326838585294976,0.017311043323896325,0.0070811728311726,0.011901469282786792
2023-09-15,122400.0,0.07651715039577844,0.053814741641340764,7.376283846872083,0.04436860068259385,0.07746478873239426,-0.07272727272727275,0.024182076813655806,0.08597285067873295,-0.03668913196298207,0.013880268423453135,-0.025793079096372407,0.0010402031914991117,-0.004750628260942746,0.035406116502107565,-0.005217283725581279,-0.00897623581518725
2023-09-22,117300.0,-0.04166666666666663,0.05557555685630034,7.8005115089514065,0.006866952789699621,0.01822916666666674,-0.11136363636363633,-0.0444444444444444,0.0253353204172877,-0.052164028153333764,-0.09578862177756198,-0.031442891178219856,-0.040456257609799096,-0.0347886895753019,-0.016784752310217255,0.010632514527273429,0.010967759329482796
2023-09-29,114700.0,-0.022165387894288124,0.05522545274022065,7.915057915057916,-0.04416666666666669,0.025939177101967692,-0.1310606060606061,-0.005813953488372103,-0.036619718309859106,0.04539773879491138,-0.10327977155067303,0.016285449035853716,-0.07490238324098641,0.0010057985188431928,-0.05116662917872972,0.004980674651049233,0.017521712073343965
2023-10-06,120400.0,0.04969485614646896,0.05475575238047505,7.736117702895111,0.05892700087950753,0.02033898305084736,-0.08787878787878789,-0.03508771929824561,-0.061166429587482196,0.05202419503215028,0.0041692804190978094,0.013807714320672515,-0.027817626677874463,0.017947423425169973,-0.021149752131696897,-0.0013279793928173689,0.009025381093404228
2023-10-13,124700.0,0.03571428571428581,0.05475941538821477,7.434986825524115,0.018790849673202548,0.08340573414422248,-0.0553030303030303,0.030303030303030276,-0.05555555555555558,-0.006577564258916535,0.03555801719863583,-0.0072888130318741196,-0.009351815243808903,0.0015903113596178464,-0.014913294721572434,0.0016937633740832236,0.016035376160075332
2023-10-20,126200.0,0.012028869286287103,0.0440491810590463,7.227756395743717,0.07587382779198637,-0.014062499999999978,-0.043939393939393945,0.0117647058823529,0.0,-0.0896152224726885,-0.005359278286057756,-0.04069735953073006,-0.018817361664143717,-0.029237824987603855,-0.009248128090095564,0.005851650806506514,0.011228953846251777
2023-10-27,119100.0,-0.05625990491283672,0.043380263533818464,7.994482427731797,0.038360941586748076,-0.008326394671107407,-0.09772727272727277,-0.021802325581395388,-0.016081871345029253,-0.021431875114407695,-0.06894412541539496,-0.028340827087870557,-0.061902232541435565,-0.026198557205354134,-0.03617381263431352,-0.00434293204932823,0.0018473793667521665
2023-11-03,125800.0,0.056255247691015864,0.044174119633119104,7.182602770838066,0.04485049833887045,0.09106678230702525,-0.046969696969696995,0.034175334323922835,0.05454545454545445,0.11123459427445015,-0.01654210813160195,0.06961040791375961,-0.010266817325714217,0.06486923070532713,0.008253301747459751,-0.012337568709413382,-0.009197215832810635
2023-11-10,130500.0,0.037360890302066796,0.044935480927967585,6.726874657909142,0.04651162790697683,0.11348122866894195,-0.011363636363636354,0.012931034482758674,0.03676470588235303,0.07399173285914284,0.06321903701903642,0.041051267200932884,0.03792824896105529,0.029044691309847437,0.03589031951640398,-0.013856473662961388,-0.024578381927791937
2023-11-17,129900.0,-0.0045977011494252595,0.04489300210592088,6.510502584405586,0.029318541996830483,0.11502145922746787,-0.015909090909090873,0.028368794326241176,0.053779069767441845,0.019923477179294435,0.19114695676811722,0.042120510535493816,0.12753397215438533,0.02021721927200426,0.08866328793076272,-0.017297750033923864,-0.04702744388148006
2023-11-24,128000.0,-0.014626635873749017,0.044935135750671706,6.517857142857143,0.07472712006717042,0.06666666666666665,-0.030303030303030276,-0.011034482758620734,0.06537890044576522,-0.030873450216374887,0.17965434510030853,-0.0003296438319582151,0.16003874502307047,0.008988708796744627,0.12800096295946717,0.005980968572170564,-0.037146136068707425
2023-12-01,132600.0,0.035937499999999956,0.04153609760827329,6.097823744882568,0.054054054054053946,0.1662269129287599,0.0,0.004184100418409997,0.034482758620689724,-0.021161285294891696,0.039106727691650134,0.0012028462981081844,0.0858477860163338,0.00110393228672101,0.060455281343759326,-0.002707332358470871,-0.02775779650317367
2023-12-08,127500.0,-0.038461538461538436,0.038901860162223356,6.498599439775911,-0.02298850574712641,0.04166666666666674,-0.038461538461538436,0.008333333333333304,0.029787234042553123,0.015845207715632137,-0.0171511033697348,0.011239008851108734,0.05475270381894992,0.005718856676324657,0.03641744825666149,0.01241649712457038,-0.0018551866612190882
2023-12-15,140000.0,0.0980392156862746,0.044466627915701384,6.147959183673469,0.07775211701308704,0.1935208866155158,0.0,0.009641873278236845,0.011034482758620623,0.029133138040150053,-0.00827621695132974,0.09096309312305406,0.1041873378415139,0.03358233026295143,0.049994786461939666,-0.015874924331396367,-0.0004100021250974528
2023-12-22,140600.0,0.004285714285714226,0.04304964696283895,5.82198740093477,0.09843749999999996,0.22580645161290325,0.0,0.03547066848567537,0.05857740585774063,-0.0012271949139449623,0.02206130343578261,0.0009835811971887765,0.10563786244692364,0.007499897795399724,0.04844546903567881,-0.00016261301060938038,-0.006514553695284309
2023-12-29,141500.0,0.006401137980085458,0.04194718243217292,5.482079757698132,0.06711915535444946,0.17524916943521585,0.0,0.03425559947299073,0.09027777777777768,0.014171564655483637,0.05895434631594787,0.010896878308633617,0.11634307455278092,0.002791478811962067,0.0502128185097086,-0.010737700828072017,-0.01451426577767645
2024-01-05,137500.0,-0.028268551236749095,0.04303558187957522,5.724675324675324,0.07843137254901955,0.10264635124298316,-0.028268551236749095,-0.02420382165605095,0.05509641873278226,-0.008582029048917694,0.03349049774547752,-0.05946890993370968,0.03828606255009781,-0.031182822221763495,0.011678574127161223,0.02614571078800143,-0.0011502557622048437
2024-01-12,134100.0,-0.02472727272727271,0.0440959925017376,5.736657078938958,-0.04214285714285715,0.06259904912836767,-0.05229681978798584,-0.04569190600522188,-0.0027285129604365244,0.11432468273920393,0.11904274427249217,0.02869851541923718,-0.020972077003802436,0.03228732844005977,0.010411016082373825,0.0005643395495709136,0.015534975545214103
2024-01-19,141300.0,0.05369127516778516,0.041332218324416796,5.707208573450612,0.004978662873399653,0.18639798488664994,-0.001413427561837488,0.02188782489740082,-0.015810276679841917,0.08738808489643413,0.21832887360892062,0.07865234055798243,0.05499308924572244,0.028371899566497882,0.03134332641149218,0.019565731550075904,0.03557305790909737
2024-01-26,136000.0,-0.03750884642604391,0.04170738371641917,5.982142857142857,-0.03886925795053009,0.08108108108108114,-0.03886925795053009,-0.01740294511378848,-0.06496815286624202,0.025886219286961776,0.2324017410401178,-0.005754880246564897,0.03761496633677108,0.006244372782533869,0.034894532448438875,-0.0012185494379459705,0.04553783340091977
2024-02-02,134900.0,-0.008088235294117618,0.040782129704951854,5.744996293550778,-0.018909090909090875,0.03371647509578546,-0.046643109540635996,0.02452316076294281,-0.018276762402088753,0.08403935018073105,0.3475365805979014,-0.002174754575281934,0.10082316190991136,0.01226967800898171,0.0813106736373661,-0.005299340561024768,0.01349853282888458
2024-02-09,142800.0,0.058561897702001486,0.04361819299987634,5.447178871548619,0.06487695749440725,0.09930715935334877,0.0,-0.0146276595744681,0.013679890560875485,0.09028112518341214,0.31846105724639795,0.05525842269958914,0.12924525125304176,0.01874077024854537,0.06712078913527719,0.0018962486352687158,0.014847659367637434
2024-02-16,146800.0,0.028011204481792618,0.04327435498793595,5.405799922148695,0.03892427459306447,0.1468750000000001,0.0,-0.01754385964912286,-0.025435073627844695,0.006654315029366087,0.22057113822584862,-0.006847437125584777,0.0397352077459614,-0.014826634594987231,0.02229454107917661,-0.0028614513336906455,-0.007475741028722949
2024-02-23,161400.0,0.09945504087193457,0.049815601504325256,5.607187112763321,0.18676470588235294,0.2171945701357465,0.0,0.0013736263736263687,-0.006811989100817484,0.08543928041841942,0.2914257283777457,0.018156474592952332,0.06474058820759065,0.01442272185577953,0.03060333945734728,-0.00036906302951100756,-0.006631576504478209
2024-03-01,156200.0,-0.03221809169764556,0.0492055380034087,6.077373330894458,0.1578947368421053,0.22509803921568627,-0.03221809169764556,0.006858710562414272,-0.02393617021276595,0.04392450774400425,0.24363655946614537,0.06814146161447221,0.13977229313758932,0.020216096425988983,0.03869367895403264,0.006050398186122186,0.004702961157031282
2024-03-08,171900.0,0.10051216389244555,0.049574400032466714,6.054184326435635,0.20378151260504196,0.22785714285714276,0.0,-0.0013623978201634523,-0.010796221322537103,0.06379514325827507,0.2134251445616464,0.006692800800143672,0.08731713234543315,-0.014788708858692767,0.004507496340753425,-0.010500223167797862,-0.007728238126732623
2024-03-15,161200.0,-0.06224549156486325,0.05474051888431843,6.597837646224744,0.09809264305177101,0.1465149359886202,-0.06224549156486325,-0.013642564802182844,-0.006868131868131844,0.0035302772637453295,0.20965941692230894,-0.041073116974638335,0.04984638569766808,-0.011616727514834557,0.007780398185034398,0.0005600979459965405,-0.004323388583374443
2024-03-22,169800.0,0.053349875930521096,0.05590708157653705,6.562342251388189,0.052044609665427455,0.19999999999999996,-0.012216404886561949,0.0912863070539418,0.08230452674897126,0.07345428039382718,0.19630282627453588,0.03058147106141562,0.06265810762865875,0.028714949920495503,0.021979042379105085,0.009652633549259493,0.005658664313504147
2024-03-29,183000.0,0.07773851590106018,0.056525523738190836,6.471506635441061,0.17157490396927022,0.3309090909090908,0.0,0.04435994930291498,0.12261580381471382,-0.04171216786820042,0.09816603926775103,0.002084724892726486,-0.003059523755816862,-0.005309366663521775,-0.003590529024333211,0.011328554041957872,0.01093476497167023
2024-04-05,182800.0,-0.0010928961748634114,0.05500598480133377,6.8497968115035945,0.06340895869691687,0.36316181953765847,-0.0010928961748634114,0.025485436893203817,0.15279672578444758,-0.025986093892988893,0.00548399777903108,-0.018988993098896456,-0.02849252558136295,-0.007972812475084745,0.003302838693720833,0.0011556797058882573,0.0228431632432351
2024-04-12,187400.0,0.02516411378555805,0.05438473224013628,6.8493672815978055,0.16253101736972697,0.3262561924982308,0.0,-0.009467455621301801,0.15767634854771795,0.002022472591941993,0.003973257641316064,-0.01606279601210181,-0.0031540830130877273,-0.004994692489691088,0.010024832806339257,0.012195107630379232,0.03473729147638194
2024-04-19,173300.0,-0.07524012806830305,0.05921232100311901,7.8806363861182085,0.020612485276796155,0.27426470588235285,-0.07524012806830305,-0.07287933094384702,-0.016476552598225558,-0.1359172710807387,-0.1918463896698085,-0.09024628455810879,-0.1200266042354663,-0.05389370869391352,-0.07108295765769834,0.008451323899442587,0.03350613548077375
2024-04-26,177800.0,0.025966532025389455,0.05845075505446381,7.717338904065563,-0.02841530054644814,0.3180133432171979,-0.05122732123799356,-0.011597938144329856,-0.06917475728155342,0.1513780068776691,-0.02900750493407911,0.09330104624115321,-0.03992565662874914,0.039430860591299854,-0.029301163215875392,-0.005582190159419742,0.016224552934905434
2024-05-03,173200.0,-0.025871766029246346,0.05909943711428225,8.004783899703067,-0.05251641137855578,0.21288515406162456,-0.07577374599786557,0.011734028683181297,-0.08165680473372783,0.012013459248415792,0.00887417281694547,-0.0033655866670400103,-0.024635683768333583,0.010394457044844874,-0.011328785662010787,-0.0051468519171455895,0.009827158892395493
2024-05-10,179900.0,0.038683602771362624,0.05934695273866354,7.770189787977448,-0.04002134471718255,0.2254768392370572,-0.04002134471718255,0.020618556701030855,-0.053763440860215006,0.012264997569977343,0.019186734857637777,0.01882780847801957,0.009950924455736976,0.015109732723121994,0.008647657014917431,0.0005569305878962982,-0.0017837915744673971
2024-05-17,189900.0,0.05558643690939413,0.055119769318151816,7.5001880689084475,0.09578765147143686,0.17657992565055758,0.0,-0.022727272727272707,-0.002577319587628857,0.02893920617386936,0.21363517034876756,0.036324009264739665,0.1504612439908759,0.021942750442479397,0.08949720587335874,-0.01417898418441177,-0.024184416964711186
2024-05-24,198600.0,0.04581358609794628,0.053621795635527825,7.369443245576177,0.11698537682789656,0.27144686299615883,0.0,-0.019379844961240345,-0.010430247718383301,0.15127765283353667,0.21352938997367032,0.045215526713342946,0.09986170710750053,0.013701970753492887,0.06252903064276394,0.01603217989690542,-0.0029743793831893406
2024-05-31,189200.0,-0.04733131923464251,0.0507315600986555,7.76955602536998,0.09237875288683606,0.10063990692262936,-0.04733131923464251,-0.031620553359683834,-0.05283505154639179,0.02971758363695587,0.23475882627503997,-0.019072782940653177,0.08252762404127867,-0.015809631092836507,0.03497285773061143,0.005849578120064258,0.008046063687776828
2024-06-07,207500.0,0.09672304439746293,0.051130229737609716,7.352839931153183,0.15341856586992764,0.2872208436724566,0.0,0.051700680272108945,-0.023989898989899006,0.10266066714697897,0.3450232838382177,0.025682705468588196,0.08981110736446474,0.02717933978000331,0.04727863641114505,-0.0075384155173638945,-0.00010987579564958327
2024-06-14,221000.0,0.06506024096385543,0.051879696530835434,6.994182288299935,0.16377040547656652,0.3015312131919905,0.0,0.02975420439844756,0.028423772609819098,0.0909271751549634,0.4260535926233646,0.05007911340601123,0.10427614449773381,0.035057048742629826,0.06071806287150561,0.0062186341214978125,0.02057884637010332
2024-06-21,234000.0,0.05882352941176472,0.05034438699099581,6.9322344322344325,0.17824773413897277,0.278688524590164,0.0,0.005025125628140614,0.05401844532279321,-0.040263914099083586,0.1887967163271076,-0.008966809105847906,0.04703219875724285,0.0020659659620008153,0.048542373351221135,0.01316111941358189,0.017694938110203173
2024-06-28,236500.0,0.010683760683760646,0.04996973126618184,6.985804892781637,0.25,0.2937636761487965,0.0,0.018750000000000044,0.10884353741496589,-0.023939312527475498,0.1268504671980164,-0.012611073392100103,0.05392936486568689,-0.002228346329584019,0.06301168031531201,-0.0034990123041217513,0.008236254267096621
2024-07-05,236000.0,-0.0021141649048626032,0.05047225259729825,7.00363196125908,0.13734939759036147,0.2593383137673426,-0.0021141649048626032,0.06871165644171784,0.12677878395860276,0.01853651366809661,0.04088082624257239,0.03296431684330714,0.061411507257714826,0.035586856529479016,0.07171248665070173,-0.004830708682900919,0.010986998718183427
2024-07-12,233000.0,-0.012711864406779627,0.04223829366415152,7.283874923359902,0.05429864253393668,0.34448932487016726,-0.014799154334038,-0.030998851894374235,0.06030150753768848,0.02710008433988431,-0.020018192992897754,0.02013667864741575,0.031145935452366214,-0.0027007342953890845,0.032617552125836946,-0.006506053590835004,-0.001797989954928525
2024-07-19,209500.0,-0.10085836909871249,0.055857487016704066,8.683941356972383,-0.10470085470085466,0.17829021372328469,-0.11416490486257924,0.0,0.05499999999999994,-0.08751164273655576,-0.06826261681662749,-0.0902305240112935,-0.05340698375804587,-0.0395699785781185,-0.010287813979666938,0.010187614768899067,-0.004727591433239087
2024-07-26,191800.0,-0.08448687350835327,0.062001295042882515,9.764635781319827,-0.1890063424947146,0.10739030023094687,-0.1890063424947146,-0.041469194312796165,-0.007361963190184007,-0.04129570706333907,-0.08483085056879258,-0.029901908523160436,-0.0699834141179464,-0.025818511206560424,-0.03368743007728414,-0.002750380114851403,-0.003979882227382214
2024-08-02,173200.0,-0.09697601668404587,0.06839776358457557,11.468987132959418,-0.26610169491525426,-0.03724291272929403,-0.2676532769556025,-0.01606922126081578,-0.08610792192881744,-0.05121175517916188,-0.14750063512601563,-0.0983563588910904,-0.1882163525755436,-0.030714735691750095,-0.09555386027124457,-0.009019698807291032,-0.008172453756112974
2024-08-09,171500.0,-0.009815242494226273,0.06604567345725874,12.007496876301541,-0.26394849785407726,-0.09689310163243814,-0.2748414376321353,-0.061557788944723635,-0.11492890995260663,-0.02349209212200798,-0.18949245165777573,0.024031726122403896,-0.18511683080329489,0.0036991725060933067,-0.08974981408342853,0.003499009594812197,0.0018158278084619006
2024-08-16,199700.0,0.16443148688046638,0.08161699129870109,11.05586951856356,-0.046778042959427224,0.0055387713997985255,-0.15560253699788584,0.07362784471218209,-0.049763033175355464,0.1893078933752237,0.05638939632553397,0.09184057541010615,-0.02203521679948517,0.05466129730026381,-0.00044186402532031543,-0.00746127411420916,-0.015686798404566327
2024-08-23,185500.0,-0.071106659989985,0.08323440358600544,11.983057373892953,-0.03284671532846717,-0.019556025369978913,-0.2156448202959831,-0.03117206982543641,-0.0395550061804697,0.03844913481883405,0.1442596666441731,0.009341364451066037,0.017526286602600694,0.010462499702070804,0.03678423814587184,-0.01757960743335152,-0.030323659555479
2024-08-30,173700.0,-0.06361185983827489,0.07933141178202069,13.03972366148532,0.0028868360277136684,-0.1628915662650603,-0.26553911205074,-0.04375804375804371,-0.06658291457286436,-0.07729761728403217,0.11279953838143175,-0.009640515899927649,0.11764422473899727,-0.007770856221516964,0.061325880810410904,-0.004971881381275245,-0.026362861562095552
2024-09-06,156400.0,-0.09959700633275759,0.07905118672129846,14.491231275118743,-0.08804664723032074,-0.29230769230769227,-0.3386892177589852,-0.07267833109017496,-0.07764390896921014,-0.13856078189627874,-0.018329338128356243,-0.11772089117296147,-0.03706679643386146,-0.05790830245126766,-0.003818745602270024,-6.749731407396098e-05,-0.029823237255330204
2024-09-13,162800.0,0.04092071611253201,0.07746585164648655,13.987363987363988,-0.1847771657486229,-0.3042735042735043,-0.31162790697674414,-0.06531204644412192,-0.19700748129675816,0.15822227320191362,-0.043987825304137695,0.09277700243835363,-0.03624092798884826,0.05939511411325582,0.0006525852249128494,0.0021758133380032074,-0.020403274020817097
2024-09-20,157100.0,-0.03501228501228504,0.07655728708627965,14.340274620351003,-0.153099730458221,-0.3357293868921776,-0.3357293868921776,-0.021739130434782594,-0.18918918918918914,-0.026028534960852112,-0.10334695541324346,0.003679569409788641,-0.04164703391800184,0.014936689860342911,0.005083338419596295,-0.006049275212914096,-0.0089060822095971
2024-09-27,183800.0,0.16995544239338,0.09606915934600176,12.630188092647288,0.05814622913068512,-0.2211864406779661,-0.2228329809725158,0.01904761904761898,-0.1359353970390309,0.046551737292059636,0.017005937275602623,0.04028253489782019,0.006662599680710146,0.00893374831436633,0.022004348852699307,-0.010778720167314848,-0.014689961574154586
2024-10-04,174100.0,-0.05277475516866159,0.09661736752945807,12.952326249282024,0.11317135549872126,-0.25278969957081543,-0.26384778012684984,-0.05607476635514019,-0.12046444121915822,0.028995029644345083,0.2148205382139694,-0.006876357637487174,0.1331339681771968,0.0011710474046611186,0.08609508719298264,0.01607400027921968,0.0012154916151136952
2024-10-11,186000.0,0.06835152211372764,0.09607565854689627,12.185099846390168,0.14250614250614246,-0.11217183770883055,-0.21353065539112048,-0.021452145214521434,-0.07919254658385089,0.07909065824232964,0.1318220384448463,0.018954495621022138,0.05658514814890392,0.012394274678990014,0.037909683915726244,0.01148819003306678,0.010518944848332712
2024-10-18,187300.0,0.00698924731182804,0.09284019705621548,11.951796201662725,0.19223424570337366,-0.023461939520333708,-0.2080338266384778,-0.001686340640809414,-0.060317460317460325,0.023738849226980552,0.18965517241379315,-0.02590676093426092,0.025439274323722172,0.0022499106171929295,0.02493574064840942,0.015047385971147964,0.03196726745417178
2024-10-25,201000.0,0.07314468766684468,0.08930517109439143,10.788912579957357,0.09357997823721442,0.1605080831408776,-0.15010570824524316,-0.0557432432432432,-0.12928348909657317,0.025652125261832026,0.16589778836172964,0.0009591961114303604,-0.013322979810499347,0.0017190246150771138,0.01760658926393166,0.004576400304719064,0.04798590963060656
2024-11-01,182200.0,-0.09353233830845775,0.09461629198384311,11.827661909989024,0.04652498564043661,0.06239067055393588,-0.22959830866807607,0.0429338103756709,-0.037953795379537913,-0.04337996100675234,0.08389365899097778,-0.03920202076931334,-0.04543880871039929,-0.015929125679902123,0.00022569430745611463,-0.002463012025121891,0.02886670404492997
2024-11-08,200500.0,0.10043907793633378,0.08651708319640292,10.452440327752049,0.07795698924731176,0.0040060090135203286,-0.15221987315010566,-0.022298456260720356,-0.038785834738617186,0.09032504828381449,0.09517805297176807,0.048871151916815236,-0.0174127494547216,0.05479765786678348,0.04211940553319793,-0.0006191849715521114,0.016551310609411063
2024-11-15,178200.0,-0.11122194513715711,0.09035918764577322,12.04906204906205,-0.04858515750133474,-0.039353099730458196,-0.24651162790697678,-0.06140350877192979,-0.09628378378378377,-0.03827141481000673,0.02884054875028297,-0.0870936801665223,-0.0791332134992383,-0.03417358467271392,0.004246983837910001,0.020953589383135185,0.02246626482944203
2024-11-22,176700.0,-0.008417508417508435,0.0881867169914719,11.407551135904278,-0.12089552238805967,0.017271157167530138,-0.2528541226215645,0.04672897196261672,0.0017889087656528524,-0.0002112887744724068,0.0028967336552045975,0.023483695362017443,-0.05841102689762001,0.018567374357515876,0.021137852430519466,-0.0008780369547594091,0.016914692953222454
2024-11-29,159900.0,-0.09507640067911716,0.08770792738742189,12.82051282051282,-0.12239297475301869,0.02237851662404089,-0.3238900634249472,-0.03214285714285714,-0.07032590051457976,-0.02606549508832523,0.02104879048735042,-0.0035620311744608557,-0.02348357916207544,0.0078095289007715785,0.04577067044258287,-0.004501233829455442,0.014836877568619622
2024-12-06,167100.0,0.045028142589118136,0.08786738794518549,12.084295118406429,-0.16658354114713214,0.026412776412776395,-0.29344608879492595,-0.0018450184501844769,-0.05087719298245619,0.030307431764240444,-0.035155471582663966,0.020566425534344512,-0.04983574839591787,0.032840252982070384,0.024001177633976578,0.004801508054117054,0.02034140507375448
2024-12-13,175500.0,0.050269299820466795,0.08772778245105889,11.115181115181116,-0.015151515151515138,0.11712285168682368,-0.2579281183932347,0.0369685767097967,0.04859813084112141,-0.05749791000442639,-0.054444259474221934,0.015784930136014452,0.057241588720127856,0.007692692938711554,0.06838919280616795,0.019907281703151147,0.019295724780902468
2024-12-20,168500.0,-0.03988603988603989,0.07326834365271416,11.432810512929208,-0.046406338426711935,-0.08324265505984763,-0.2875264270613108,-0.05525846702317294,-0.0535714285714286,0.0033519325753608165,-0.05107432304238435,-0.03797579763388326,-0.006245042587600391,-0.022373957168975833,0.025445272508712202,0.006716320870880921,0.027043424011272688
2024-12-27,174500.0,0.035608308605341144,0.07243655131583654,10.613999181334426,0.091307066916823,0.0022975301550833827,-0.2621564482029598,0.013207547169811429,-0.009225092250922495,0.017149202753741433,-0.008969298323067365,0.03174747152455204,0.028969385654499247,0.007519424316508205,0.02515009135995827,0.020550307882662322,0.05288878118408813
2025-01-03,181900.0,0.042406876790830994,0.07066243034327034,9.361501609989789,0.0885697187312986,-0.02204301075268822,-0.23086680761099365,0.013035381750465591,0.005545286506469571,0.05444863158136237,0.014251605900750697,0.003744819677586886,0.012009277021602038,-0.007616312935059155,-0.015005249338963522,0.0031765957577822856,0.051186104671856025
2025-01-10,203500.0,0.11874656404617911,0.07852557859490263,8.925938925938926,0.15954415954415957,0.08649225840896957,-0.13953488372093026,0.016544117647058876,-0.014260249554367221,-0.059251038182777216,0.012365017967295167,-0.019193618236307053,-0.022839256756899906,-0.021963851812794033,-0.04399379029760464,-0.011157573929202469,0.01916854271285473
2025-01-17,214500.0,0.054054054054053946,0.07730937955232835,8.694638694638694,0.27299703264094966,0.0671641791044777,-0.09302325581395354,-0.02893309222423146,0.013207547169811429,0.013244080665562041,0.02234602697713184,0.05288729929569702,0.06945348505843407,0.028687449916068974,0.0059384129281661036,-0.001312530806348744,0.0110403809915256
2025-01-24,221000.0,0.030303030303030276,0.07045624723739488,8.50032320620556,0.2664756446991403,0.21295279912184406,-0.06553911205073992,0.0,0.0,0.035654550605913826,0.040945922452917616,0.0039174452640602375,0.04060638885031653,0.01512250315505459,0.013529560925539474,-0.013341792099967775,-0.022535897820376793
2025-01-31,199200.0,-0.09864253393665157,0.07281289251234971,9.699512335054504,0.09510720175920828,-0.006483790523690747,-0.15771670190274845,-0.02420856610800748,-0.03676470588235292,-0.1581124400111953,-0.16889320495404192,-0.05424035093627133,-0.019508231734961412,-0.013858782145646842,0.007154076160357015,0.0053907653645624,-0.020378479758674684
2025-02-07,203000.0,0.01907630522088355,0.06352842129490241,9.327938071780437,-0.002457002457002422,0.13916947250280587,-0.14164904862579286,0.024809160305343525,-0.02893309222423146,0.08136917354791628,-0.04466196130278688,-0.0057764165287664815,-0.0060953338664352374,0.0012062358255311434,0.031013979757156696,0.00033987918285727226,-0.00898823981792507
2025-02-14,210000.0,0.034482758620689724,0.06343356022034283,8.853741496598639,-0.020979020979020935,0.18845500848896424,-0.11205073995771675,0.04283054003724396,0.04283054003724396,0.06939317636899567,0.008278261085391758,0.028588612286734483,-0.029032811044934825,0.029124994266136017,0.03145251367892232,-0.0023645488485658506,-0.010032172263180095
2025-02-21,209500.0,-0.0023809523809523725,0.053494535657121194,8.370269348789636,-0.05203619909502266,0.31019387116948094,-0.11416490486257924,0.03928571428571437,0.08379888268156432,-0.03183300852316251,-0.057425345125532434,0.004079384827372579,-0.028876186610015564,-0.022428703477920586,-0.006702769405510178,-0.004893197596706256,-0.0015552380210535066
2025-02-28,190200.0,-0.09212410501193313,0.06250654171090333,9.621451104100947,-0.04518072289156627,0.13824057450628358,-0.19577167019027486,-0.06357388316151202,0.040076335877862634,-0.07074310068417677,0.040393091417074034,-0.06902398316805247,-0.04405629851571502,-0.03404425768000752,-0.02703472246000127,0.012684245860889565,0.00568785356981949
2025-03-07,192400.0,0.011566771819137678,0.0613778281937006,9.084496584496584,-0.05221674876847293,0.09629629629629632,-0.18646934460887954,-0.014678899082568808,0.0,-0.09790262493439095,-0.1320856005868476,-0.022395924003738688,-0.06003591694017618,-0.03223331650823957,-0.05953104754572536,-0.0023174550546325445,0.003016312805392607
2025-03-14,204500.0,0.06288981288981299,0.06103976470403741,8.815927348934684,-0.02619047619047621,0.21364985163204753,-0.13530655391120505,0.01862197392923659,-0.023214285714285743,0.07968759901490152,-0.12373069628648237,-0.013392253640364449,-0.09839965699704412,-0.024665008788409493,-0.10868720263580223,0.004652596245247054,0.01007130567908554
2025-03-21,215500.0,0.05378973105134466,0.06173825000927805,8.568114020550215,0.02863961813842475,0.23495702005730656,-0.08879492600422834,0.12797074954296161,0.06013745704467355,-0.03262925355838808,-0.12445136233763343,-0.008651502966481095,-0.10983119615133519,0.0024600605986995205,-0.0859945622002728,0.008663436613282283,0.02383180574201993
2025-03-28,199300.0,-0.07517401392111367,0.0668902516905071,9.235897068310518,0.04784437434279698,0.09565695437053323,-0.15729386892177588,-0.024311183144246407,0.1045871559633027,-0.06822429046304912,-0.12207813179260119,-0.053666425644438576,-0.09514680217805815,-0.02474834453688446,-0.07719859485944847,-0.0026810466391689047,0.008297373138384856
2025-04-04,182200.0,-0.08580030105368786,0.06249821013833127,10.706445036851186,-0.053014553014553045,-0.10466830466830468,-0.22959830866807607,-0.06810631229235875,0.04469273743016755,-0.14005654113980803,-0.16310235588440314,-0.1645642834337161,-0.22673534381565075,-0.09866931541941393,-0.14054778241976795,-0.007668128809400043,0.0028897709719581943
2025-04-11,180800.0,-0.007683863885839748,0.05945264499437083,11.362199747155499,-0.11589242053789728,-0.1571095571095571,-0.2355179704016913,-0.016042780748663055,0.009140767824497242,0.17622736906822856,-0.08827153797484621,0.09281221322615485,-0.14349642656631711,0.07507033728612256,-0.052662322421652474,0.0009374812510061226,-0.0008188252528799067
2025-04-18,175000.0,-0.03207964601769908,0.05808371452296059,11.004081632653062,-0.18793503480278417,-0.20814479638009054,-0.2600422832980972,0.0018115942028984477,-0.1037277147487844,-0.08509873267318291,-0.13772302043135054,-0.03314751908256641,-0.164660452538111,-0.022667226961528453,-0.07640793302177273,-0.026039267221695805,-0.03519529526864473
2025-04-25,184400.0,0.0537142857142856,0.05536383384862279,9.966687325689493,-0.07476166583040644,-0.07429718875502012,-0.22029598308668075,0.00723327305605781,-0.07475083056478404,0.09380238913040162,0.012218509981379633,0.10963671073101922,-0.02051089287372143,0.06408464549411508,0.007719527228090994,0.0111934256405406,-0.021773153750107577
2025-05-02,186000.0,0.008676789587852562,0.05503350089147236,9.612135176651305,0.020856201975850697,-0.08374384236453203,-0.21353065539112048,-0.025134649910233398,-0.03208556149732622,0.031438589285735175,0.2140812529325158,0.028245231803805115,0.20554458474179227,0.034429467364415434,0.15652866549011257,0.003524269461202545,-0.010739844450983638
2025-05-09,190100.0,0.022043010752688108,0.05431733495458309,8.799879762530999,0.05143805309734506,-0.09476190476190471,-0.19619450317124731,0.009208103130755152,-0.007246376811594235,0.018777305902872632,0.0515640602629317,0.0205757179772994,0.12585631386229945,-0.0017592729071160829,0.07387765795583667,-0.02177548639929483,-0.03318783379256962
2025-05-16,204500.0,0.07574960547080489,0.059354746720206734,8.138316451274886,0.1685714285714286,-0.023866348448687402,-0.13530655391120505,0.03649635036496357,0.027124773960216952,0.1607371806715816,0.33412155627623896,0.09894813962995586,0.27967577891054907,0.06873375097038426,0.1743075942315251,-0.004865160931342927,-0.01216913880710957
2025-05-23,200000.0,-0.022004889975550168,0.052563622455062436,8.160714285714285,0.08459869848156187,0.05152471083070442,-0.15433403805496826,-0.045774647887323994,-0.026929982046678624,-0.03035451104594389,0.1826861612435149,-0.049594177647725224,0.0960445876006919,-0.023527869650602384,0.07761975805248555,-0.011223929143262201,-0.03406856410027037
2025-05-30,204500.0,0.022499999999999964,0.052773169206093,8.106880894166956,0.09946236559139776,0.06288981288981299,-0.13530655391120505,0.03690036900368998,0.03499079189686927,0.029248318935555018,0.18017471513373362,0.011749629302419518,0.07846131536013967,0.01938181467768252,0.06194382425600331,-0.007912557307450552,-0.04507695805641532
2025-06-06,224500.0,0.097799511002445,0.056966768566319534,7.581928094177538,0.18095739084692264,0.097799511002445,-0.05073995771670192,0.05160142348754437,0.07846715328467146,0.04876782431559601,0.21491641120349603,0.06050548330616712,0.12065583996037144,0.020824098675876535,0.08596836195772539,-0.011573167851953281,-0.03511766044461817
2025-06-13,235500.0,0.04899777282850781,0.05664237702449714,7.579617834394904,0.15158924205378965,0.09280742459396762,-0.0042283298097252064,-0.013536379018612488,0.02640845070422526,0.001764041757314594,0.04852295140605123,0.016655978821075612,0.03673814879026516,-0.005585675258450884,0.010450446022082227,-0.00351408925033303,-0.03380766188633244
2025-06-20,257000.0,0.09129511677282376,0.05452676163073018,6.939966648137855,0.2849999999999999,0.2895132965378826,0.0,0.020583190394511064,0.0977859778597785,0.013242268554255254,0.09566618523629278,0.01878165174867341,0.11132505590218944,-0.00024670729731224306,0.03454172333828898,0.018595466598176014,-0.0046693437759506295
2025-06-27,284000.0,0.10505836575875493,0.0473422368878276,7.072434607645875,0.3887530562347188,0.5587266739846324,0.0,0.02184873949579824,0.08185053380782925,0.09662838586521727,0.16739431880287436,0.06108124900146139,0.1655118462226195,0.04035459080912496,0.05582639964877534,-0.016095836501126337,-0.012879374766565865
2025-07-04,270500.0,-0.047535211267605626,0.0520529869884676,7.660417216794296,0.2048997772828507,0.4961283185840708,-0.047535211267605626,0.04111842105263164,0.07106598984771573,0.010079216088054732,0.12432962860159424,0.018755738575280345,0.11962823427851155,0.01483322711471291,0.04963011141519402,0.0032082304244522852,0.0018824898792175748
2025-07-11,294500.0,0.08872458410351203,0.04944262274154367,7.49454280863449,0.25053078556263264,0.6828571428571428,0.0,-0.011058451816745696,0.07375643224699835,0.03501946754926455,0.161653847650284,0.011629826060838289,0.11409300637704933,-0.0036315821122716585,0.051692707413369066,0.011450916912580711,0.016928540680154924
2025-07-18,269000.0,-0.08658743633276744,0.06223605861301291,8.425385023898036,0.04669260700389111,0.4587852494577007,-0.08658743633276744,0.0718849840255591,0.12773109243697478,0.04541599306526334,0.1985401205895101,0.0022748408122805763,0.09604191310278609,0.012739078677530546,0.06535313395005304,0.013798185397575491,0.012139110204038905
2025-07-25,266000.0,-0.01115241635687736,0.06321712729471139,8.571428571428571,-0.06338028169014087,0.4301075268817205,-0.09677419354838712,-0.01788375558867361,0.08388157894736836,0.0063221177120720284,0.09984152139461178,-0.021035149885616278,0.011219930791815935,0.009104488583992154,0.03335212714341029,-0.014070306179315262,0.01422276685848245
2025-08-01,258000.0,-0.03007518796992481,0.06571010650210427,9.055924695459579,-0.04621072088724587,0.35718043135192,-0.12393887945670623,0.04552352048558417,0.08846761453396534,0.001268018563130413,0.09024730270684067,-0.017802384335892985,-0.025067769115342586,-0.02205270466665643,-0.004206907237355284,0.014220123735878332,0.025355563185262442
2025-08-08,256500.0,-0.005813953488372103,0.0644988106067266,9.289891395154552,-0.12903225806451613,0.25427872860635703,-0.12903225806451613,0.04208998548621201,0.14696485623003186,0.05169235358299584,0.10780984099383084,0.02373119833781856,-0.01340538276923997,0.03731852157134563,0.03671955095218471,-0.004699958330591891,0.008982658179206293
2025-08-15,276500.0,0.07797270955165692,0.0649039832249613,8.938258847842935,0.027881040892193232,0.38250000000000006,-0.06112054329371819,-0.0027855153203342198,0.06706408345752601,-0.012315271141670636,0.04663298599476673,0.02244003918393278,0.0064443384436949636,0.0048560423318733115,0.028649853561736105,0.0020939258434535812,-0.0026660063055364835
2025-08-22,251000.0,-0.0922242314647378,0.07382715388332459,10.233352305065454,-0.05639097744360899,0.2273838630806846,-0.14770797962648552,-0.0027932960893854997,0.08345978755690431,-0.013632538080805334,0.025878994196911087,0.0031007932947848538,0.031257776192839204,-0.009301375104013188,0.00988748633263814,0.008458998519802696,0.020123896028835686
2025-08-29,269000.0,0.0717131474103585,0.07167116833044594,9.747742963356346,0.04263565891472876,0.1982182628062361,-0.08658743633276744,-0.023809523809523836,0.011611030478954953,-0.021405768300451822,0.0026478900060202815,-0.015135047850568406,0.034058344478024916,-0.00274480544342659,0.02982599008018938,-0.010860133416422446,-0.005102353224992862
2025-09-05,273500.0,0.016728624535315983,0.07098529811226141,9.650039174719248,0.06627680311890849,0.16135881104033967,-0.07130730050933787,-0.0028694404591105283,-0.03203342618384397,-0.04110683605692833,-0.08582371613406925,0.007051996069984856,0.01721088655909675,0.00992281364353964,0.0026281608175215965,0.005525837161816982,0.005119308028769476
2025-09-12,328500.0,0.20109689213893978,0.08700529727078393,8.664927158077843,0.1880650994575046,0.2782101167315174,0.0,0.08489208633093526,0.05307262569832405,0.0646629312387017,-0.014574617170970527,0.034770274162235104,0.029478059961042025,0.018400818718295575,0.016142906875562302,-0.0018390432064663287,0.001174465107356637
2025-09-19,355500.0,0.08219178082191791,0.08530215382189822,8.207755676110107,0.41633466135458175,0.25176056338028174,0.0,0.0649867374005304,0.12464985994397759,-0.006467265256471566,-0.007416187895277315,0.039978039376915575,0.06732502011410912,0.02163093277590944,0.04786965450153646,-0.001979129183159456,-0.009188263506374028
2025-09-26,336500.0,-0.053445850914205395,0.08575656627136673,8.80917002759499,0.25092936802973975,0.24399260628465802,-0.053445850914205395,0.03735990037359893,0.19512195121951215,0.00860363552507315,0.023022218017250795,0.011171298368860327,0.09583392526552359,-0.00563945110618902,0.04482809466098625,0.015987051700243393,0.017704299420328917
2025-10-03,395500.0,0.17533432392273407,0.09506004497027462,7.820119198121726,0.44606946983546614,0.3429541595925296,0.0,0.07743097238895569,0.2913669064748201,0.05292099751153034,0.1233384643621589,0.041401649513606475,0.13321185183885853,0.012097961855611405,0.04707842105357951,-0.002335149589672292,0.009748104045719685
2025-10-10,428000.0,0.08217446270543616,0.08870678567824881,7.530874499332444,0.30289193302891926,0.5910780669144982,0.0,0.05181058495821733,0.2519893899204244,-0.02377140801166966,0.030030345956258087,-0.028468357850989445,0.06395709154969054,-0.022679785208218006,0.004841010100358645,0.011297428788265229,0.023037070720133057
2025-10-17,465500.0,0.08761682242990654,0.08781579336340742,7.38453276047261,0.309423347398031,0.75,0.0,0.037076271186440746,0.2191780821917808,0.0003275691056681129,0.037074789832137744,0.059487568566096716,0.08391645717827756,0.02447835907681295,0.00764164057129757,-0.004073160950484378,0.020890550353794834
2025-10-24,510000.0,0.09559613319011806,0.08469232049584464,6.908263305322128,0.5156017830609212,0.9767441860465116,0.0,0.009193054136874323,0.1860744297719088,0.016592038346680882,0.0452886915924664,0.02668553827775888,0.1005468144530477,0.021807135048559356,0.0354548147080016,0.014211846645911796,0.019106777556814114
2025-10-31,559000.0,0.09607843137254912,0.08239816358048016,7.011883465371838,0.413400758533502,1.1793372319688111,0.0,0.08805668016194335,0.1977715877437325,0.0871363226939883,0.07925600022902013,0.03613196434355115,0.09497784379721708,0.019397232558493682,0.04292253549986991,-0.008232077787519776,0.01308311190324285
2025-11-07,580000.0,0.0375670840787119,0.08287006313362374,7.650862068965517,0.3551401869158879,1.0976491862567812,0.0,-0.08930232558139539,0.037076271186440746,-0.07081836736462432,0.027243885862660466,-0.039699831658043805,0.08231925972402121,-0.03072792672482505,0.034334164943808254,0.016769430594573587,0.018564775813846524
2025-11-14,560000.0,-0.03448275862068961,0.07400543879540135,8.816964285714286,0.20300751879699241,1.2310756972111552,-0.03448275862068961,-0.007150153217568955,-0.007150153217568955,0.010736137858034178,0.03793252320673424,-0.019906297207493373,0.0012144760718666436,-0.0014432461326249202,0.008163185692994457,0.014372495457245948,0.03742971161737385
2025-11-21,521000.0,-0.06964285714285712,0.08447967610694614,10.429805319440637,0.021568627450980316,0.9368029739776951,-0.10172413793103452,-0.024691358024691357,-0.04048582995951422,-0.05936789922090069,-0.039621979177888234,-0.06131291804731076,-0.08460082477714714,-0.030860917911191388,-0.04380160319412385,0.00309117469292719,0.026054459459424972
2025-11-28,530000.0,0.017274472168905985,0.08445455815202865,10.569407008086253,-0.051878354203935606,0.9378427787934187,-0.08620689655172409,0.06012658227848111,-0.06511627906976747,-0.010509866007909152,-0.12588278335556957,0.09566888803576346,-0.03200129815441066,0.04945174693440757,-0.015610356891737176,-0.008043424799550336,0.026249634394267085
2025-12-05,544000.0,0.026415094339622636,0.07202159234252806,10.49435399159664,-0.06206896551724139,0.6560121765601217,-0.06206896551724139,0.07860696517412946,0.10725229826353422,0.030564992441295846,-0.030507522830603984,0.042663624987350435,0.051022449774233314,0.010060525585385616,0.025814265894426258,0.007513329879101693,0.01690723120103299
2025-12-12,571000.0,0.049632352941176405,0.07110978847444033,10.498498874155617,0.019642857142857073,0.6061884669479607,-0.01551724137931032,0.004612546125461359,0.12037037037037046,-0.04051312560322862,-0.07966553106355534,-0.03206200098851708,0.03798704557741028,-0.018961414788486675,0.007817905397209612,-0.0010391538134184586,0.001457070970684704
2025-12-19,547000.0,-0.042031523642731994,0.06977334291540084,10.82854531209193,0.0499040307101728,0.62555720653789,-0.05689655172413788,-0.023875114784205675,0.12130801687763704,0.0341103935262701,0.01179562026361669,0.0011018651000407331,0.10700443977090912,0.005589766798792528,0.04572335508306158,0.002386381904263768,0.0007534263373918382
2025-12-26,599000.0,0.09506398537477145,0.05899681370597939,10.198545194371572,0.1301886792452831,0.5145385587863465,0.0,0.10065851364063971,0.16417910447761197,0.052710055785335275,0.07644067106947383,0.020779864037424378,0.03134063023727074,0.011085044957109158,0.007492958657145721,-0.018882746477736245,-0.010182020414826853
2026-01-02,677000.0,0.13021702838063431,0.06379308295201737,9.540514876556236,0.24448529411764697,0.5817757009345794,0.0,0.09829059829059839,0.18542435424354253,-0.008817470668896044,0.035305094633600875,0.02499671181182017,0.013865574109730439,-0.017262689381747687,-0.019760800884945362,-0.0019909886098540275,-0.019519410844391683
2026-01-09,744000.0,0.09896602658788778,0.06462931310346637,9.151785714285714,0.3029772329246936,0.59828141783029,0.0,0.08171206225680927,0.27640036730945816,-0.021127907673865742,0.056222123744051,0.04810480480871959,0.09783620514928582,0.022067506205353693,0.02123468824445096,0.0044609053094293305,-0.014121099959889416
2026-01-16,756000.0,0.016129032258064502,0.06264809062617371,8.961640211640212,0.38208409506398544,0.48235294117647065,0.0,0.07122302158273386,0.40075258701787386,0.0074109873020891115,0.02895182095882598,0.04163879339447307,0.14229013044760808,-0.008601315628252504,0.006822821580005911,0.012937224383589463,-0.0037440106799518924
2026-01-23,767000.0,0.014550264550264647,0.059789364860834554,8.609610728254797,0.28046744574290483,0.37209302325581395,0.0,0.02149093351242448,0.30000000000000004,0.007732387233220006,-0.0150107627600653,0.0065406903565006225,0.1263559725214165,0.0023499998624580964,-0.0018754009806869476,-0.0037988863215410174,0.01157259492322793
2026-01-30,909000.0,0.18513689700130387,0.07508674628019499,8.447273298758448,0.34268833087149186,0.5672413793103448,0.0,0.05522682445759375,0.2490272373540856,0.018436653421568305,0.012073067014078509,0.004612562377954266,0.10395608753152308,-0.0013649403037094832,0.01427126838087811,-0.02357749119756647,-0.010307282100680881
2026-02-06,839000.0,-0.07700770077007701,0.07980764702842695,9.5607015154095,0.12768817204301075,0.4982142857142857,-0.07700770077007701,-0.011838006230529552,0.14100719424460428,-0.029927280252047384,0.00297524099286961,0.006381813602539088,0.06000976659037116,-0.019650362292881196,-0.027128380017052645,0.029340157660340038,0.01420618054213918
2026-02-13,880000.0,0.04886769964243154,0.07239143982908647,8.904220779220779,0.16402116402116396,0.6890595009596929,-0.03190319031903188,0.14249684741488022,0.2169241101410342,-0.014023008749052601,-0.018364378711305362,0.017646534458566343,0.035594365631897995,-0.012679473787170936,-0.031130326355248483,-0.02024915563499463,-0.019021773682911913
2026-02-20,949000.0,0.07840909090909087,0.07226542559598348,8.174017763058858,0.23728813559322037,0.790566037735849,0.0,0.049116997792494566,0.24983563445101908,0.03834587746426821,0.0114563285354643,0.013449469814522219,0.04270256617328538,0.01144672854209916,-0.022337445077962093,0.004753956187018016,-0.010599626629657743
2026-02-27,1061000.0,0.11801896733403572,0.07412798299118742,7.755486737579104,0.16721672167216717,0.9503676470588236,0.0,0.13887427669647545,0.3489096573208723,-0.06653674215300198,-0.07293466271794047,-0.019864742164964255,0.017297201741555357,-0.0024967059301678196,-0.02344544230196577,-0.010657954557718896,0.002491626654655299
2026-03-06,924000.0,-0.1291234684260132,0.09210731589153616,10.142238713667284,0.10131108462455307,0.618213660245184,-0.1291234684260132,-0.13071593533487302,0.18663303909205542,0.0035555328976353273,-0.04093628276779826,-0.08169405342538127,-0.07173395110462577,-0.012415778787978393,-0.016238864951375165,0.032946593810150526,0.006003995248597516
2026-03-13,910000.0,-0.015151515151515138,0.09010973212555684,11.42072213500785,0.03409090909090917,0.663619744058501,-0.1423185673892554,-0.024973432518597183,0.012693156732891842,0.013665462690880759,-0.01400359713791488,0.02414144021154674,-0.06580949669229419,-0.010054238093997525,-0.01362309350054458,-0.0060358183804056775,0.020598189421708213
2026-03-20,1007000.0,0.10659340659340666,0.0907280680002887,10.959001276776847,0.06111696522655419,0.681135225375626,-0.0508953817153629,0.08664850136239788,0.048921620199894766,-0.041886286001430295,-0.09019075816773636,0.003591701120064794,-0.07489631766606364,-0.01963884275397154,-0.04393817464770766,0.01309688037452661,0.0290726754068813
2026-03-27,933000.0,-0.07348560079443889,0.09296882887241838,12.716276221099374,-0.12064090480678602,0.37813884785819796,-0.12064090480678602,-0.09679037111333999,-0.16812933025404153,-0.02999416773199881,-0.054574174816341636,-0.027157073513852437,-0.0817792070731409,-0.03346730672174225,-0.0736220957947159,0.012430878454151806,0.05308872452660385
2026-04-03,876000.0,-0.06109324758842438,0.0938080830046371,14.106327462491846,-0.051948051948051965,0.17741935483870974,-0.17436380772855797,0.033870072182121014,-0.01062699256110522,0.05891830745858018,-0.0024182202050316848,0.049863898285560815,0.04976654539252601,0.039816493118220775,-0.02462696045227175,0.0005701459597935443,0.02008094621962475
2026-04-10,1027000.0,0.17237442922374435,0.10387988249828264,12.776464042286825,0.12857142857142856,0.3584656084656084,-0.03204524033930256,0.10633727175080554,0.12261580381471382,0.06336324218861211,0.046491011832524354,0.1383646617554819,0.16684775310052946,0.044599862775752674,0.029222592261039626,-0.023813587219831178,0.0018360601414908473
2026-04-17,1128000.0,0.09834469328140205,0.10550119997311855,12.01241134751773,0.12015888778550154,0.470664928292047,0.0,0.04854368932038833,0.08324974924774331,0.06918299027281538,0.1678054211907387,0.07529742600099198,0.25021797613881747,0.06182592470403092,0.1147475832517082,0.0031494451537852353,-0.00800080689769711
2026-04-24,1222000.0,0.08333333333333326,0.09625150428364206,11.672901566518586,0.309753483386924,0.34433443344334425,0.0,0.01620370370370372,0.2187673514714048,0.032675584272128244,0.24325453056772028,0.11038949169302414,0.42698154577169567,0.02316410551345438,0.18006325272088564,0.001373489205237055,-0.018835048964167433
2026-05-01,1286000.0,0.05237315875613757,0.09034114148128533,11.41413019329038,0.46803652968036524,0.5327771156138259,0.0,0.004555808656036442,0.18421052631578938,-0.04715036790114102,0.11872144783277272,0.00899045459621095,0.37142610667898346,0.01546969249821406,0.15243264200914997,-0.004013609650479477,-0.023329906588167026
2026-05-08,1686000.0,0.3110419906687403,0.11964244937720894,9.574648364683952,0.6416747809152872,0.915909090909091,0.0,0.217687074829932,0.30339805825242716,0.08440413332114383,0.14085771816597492,0.11712289381206387,0.345835436054426,0.05500252868330846,0.16390916252479215,-0.01303924028723591,-0.012550221184495003
2026-05-15,1819000.0,0.07888493475682079,0.11964853228366489,9.624597502552422,0.6125886524822695,0.9167544783983139,0.0,0.007448789571694592,0.2523148148148149,0.047026071187215246,0.11721546760684864,-0.022640782348017696,0.22325659586323132,-0.0032338172688570754,0.09259462025191434,0.026498618854068345,0.010433529160235544
2026-05-22,1941000.0,0.0670698185816383,0.11837102864193497,9.748288805475823,0.5883797054009821,0.8294062205466541,0.0,0.0813308687615526,0.3325740318906605,-0.044336965952558205,0.03389829266704103,0.0566546619574424,0.1640598136589828,0.012145043150262325,0.08082781940992967,0.007406256342757489,0.016520878441076414
2026-05-29,2333000.0,0.20195775373518798,0.1091161799245327,9.221725552629966,0.8141524105754276,1.524891774891775,0.0,0.08376068376068369,0.43764172335600904,-0.019458516722131836,0.0639455915170204,0.0590884540044061,0.22185725623154862,0.02894614957671182,0.09517165441074615,-0.006055560491705414,0.014436828214116737
2026-06-05,2070000.0,-0.11273039005572227,0.12033277348732202,11.011042097998619,0.22775800711743766,1.2747252747252746,-0.11273039005572227,0.03785488958990535,0.22532588454376157,-0.028606580011333205,-0.04693304362432549,-0.051504176351998665,0.03742078069398014,-0.0450352834310106,-0.00867508833934394,0.025265939208857002,0.05380838823793965
2026-06-12,2150000.0,0.03864734299516903,0.12041507643314674,11.378737541528238,0.1819681143485432,1.135054617676266,-0.07843977711101591,-0.019756838905775065,0.1922365988909427,0.0004387924681250599,-0.08933962466034773,0.10463712030134364,0.17252028018896515,0.023090275087578105,0.017505302791390065,-0.01023432847550687,0.016098168945270608
2026-06-19,2764000.0,0.2855813953488373,0.12564029887360204,10.308559024188547,0.42400824317362185,1.962486602357985,0.0,0.0976744186046512,0.21025641025641018,0.02680442484799217,-0.021548318163712832,0.07245285066168772,0.19005079163502714,0.026727988942698344,0.032165478992954855,0.01329927483293547,0.02204203246580172
2026-06-26,2673000.0,-0.03292329956584661,0.1225552419378841,11.68563946341724,0.1457351050150022,2.0513698630136985,-0.03292329956584661,-0.04096045197740117,0.07097791798107256,-0.08619300133692742,-0.08814057338329218,-0.07742592668775394,0.036655627899633725,-0.0460424722674978,-0.04305776453314358,0.005801348588072797,0.03423412185527863
2026-07-03,2425000.0,-0.09277964833520391,0.13253719433062383,14.456553755522828,0.1714975845410629,1.3612463485881205,-0.12264833574529665,-0.08836524300441828,-0.059270516717325195,0.011946206130683867,-0.050073154397068054,-0.04003796152055894,0.04918759255289018,0.00860549720688919,0.010694094195461856,-0.0028128237292920355,0.005909749007656728
2026-07-10,2180000.0,-0.10103092783505152,0.14237436210878926,17.044560943643514,0.013953488372093092,0.9326241134751774,-0.211287988422576,-0.07915993537964461,-0.11627906976744184,0.08279014900795167,0.028120299253413306,0.026522141787321818,-0.025006244267557598,0.01811680412853245,0.00578088384798825,-0.02348697618776785,-0.007559062770179814
2026-07-17,1842000.0,-0.155045871559633,0.15559297422507773,21.3936714751047,-0.33357452966714907,0.5073649754500817,-0.33357452966714907,-0.10526315789473684,-0.2796610169491526,-0.038632958361285996,-0.037400943526041064,-0.10240139427329542,-0.18397061913003743,-0.04159831328244645,-0.061151438424475124,-0.01225177654934595,-0.03258415655130342
